0e9fc4b0ef6270c0d0676df2a5d259a192d0fa584def83ee55c0349477dee803	projects/SP-001-model-agreement-instrument/README.md	SP-001-model-agreement-instrument/README.md
8c7178473d8f149d93b2f3350b8ab731ee77c2b55d1cb89d54bb18352d58eaa6	projects/SP-001-model-agreement-instrument/code/run_analysis.py	SP-001-model-agreement-instrument/code/run_analysis.py
a4c3a5bbe50caf6073bf5320552713cf83bc1191151ab56b3170fb05b456ef55	projects/SP-001-model-agreement-instrument/data/processed/held_out_predictions.csv	SP-001-model-agreement-instrument/data/processed/held_out_predictions.csv
d606af411f3e5be8a317a5a8b652b425aaf0ff38ca683d5327ffff94c3695f4a	projects/SP-001-model-agreement-instrument/data/raw/wdbc.data	SP-001-model-agreement-instrument/data/raw/wdbc.data
840e04e3f20f8a5b326892f3b9cbc01c4cd6f7e6c597630b701ef6c0ac79f5ef	projects/SP-001-model-agreement-instrument/data/raw/wdbc.names	SP-001-model-agreement-instrument/data/raw/wdbc.names
45b28ff303089ea6f8de428b150c9e438f84c238cd7d56ce9a87dab16326c8ce	projects/SP-001-model-agreement-instrument/figures/coverage_risk.png	SP-001-model-agreement-instrument/figures/coverage_risk.png
1d75cca2273f2e4538b2b8143512e026f5f6272a54f600fea6747bc1f8bd6ee0	projects/SP-001-model-agreement-instrument/figures/disagreement_error_hist.png	SP-001-model-agreement-instrument/figures/disagreement_error_hist.png
0efffd64cd0236f78ee2933c42b2a86ddffdd7e9731814c55e475903eb51fc0a	projects/SP-001-model-agreement-instrument/figures/error_by_disagreement.png	SP-001-model-agreement-instrument/figures/error_by_disagreement.png
23c29ad93b90f7882e1d357032c082602093f75606aca01fe330f8c55c7b92a6	projects/SP-001-model-agreement-instrument/paper/paper.html	SP-001-model-agreement-instrument/paper/paper.html
9b95e135eec4563ee0fe0c7827338210e89bf1d4c27e2c7f31306ed66630223d	projects/SP-001-model-agreement-instrument/paper/paper.md	SP-001-model-agreement-instrument/paper/paper.md
ce4debb5eea5565d7afbd93c15a38c7ba8f3533e234e5b9a46c31d7c9d214562	projects/SP-001-model-agreement-instrument/paper/paper.pdf	SP-001-model-agreement-instrument/paper/paper.pdf
6b2d4a14a78c0eff7d496d4449df68749a5773f34b0092bd6f0bb861db55bbf8	projects/SP-001-model-agreement-instrument/protocol/protocol.json	SP-001-model-agreement-instrument/protocol/protocol.json
c2636f27d64e1efab4791d9f41b44654c8931e478cab692c72c8344adf43188a	projects/SP-001-model-agreement-instrument/report/full_report.md	SP-001-model-agreement-instrument/report/full_report.md
c4ccb891debbe04cf3cd08a32cc5cb54065dfeb6939c97cd31beebfe54cc4103	projects/SP-001-model-agreement-instrument/report/full_report.pdf	SP-001-model-agreement-instrument/report/full_report.pdf
703867907bfc18073df732f3b01ae36d12eca0c4f46d400d5ee3b5c2dbe48425	projects/SP-001-model-agreement-instrument/report/full_report_25page.html	SP-001-model-agreement-instrument/report/full_report_25page.html
8e1a493a220e2c773d63cf146a4d275ffdd01ca92b1b8878daf7493e5b10cc74	projects/SP-001-model-agreement-instrument/results/coverage_risk.csv	SP-001-model-agreement-instrument/results/coverage_risk.csv
86f9e3c3dfd09b49ff3b3da594857886a42c5c7dd8b042bbde5520eae1bed99c	projects/SP-001-model-agreement-instrument/results/disagreement_deciles.csv	SP-001-model-agreement-instrument/results/disagreement_deciles.csv
53b15f981905c9054b283631080f37d028103479bd45263f888f1120be1800f4	projects/SP-001-model-agreement-instrument/results/metrics.json	SP-001-model-agreement-instrument/results/metrics.json
