abstention_fraction,coverage,error_rate
0.0,1.0,0.03040421792618629
0.01,0.9824253075571178,0.025491949910554562
0.02,0.9736379613356766,0.02148014440433213
0.03,0.9648506151142355,0.01848816029143898
0.04,0.9560632688927944,0.01488970588235294
0.05,0.9472759226713533,0.01261595547309833
0.06,0.9384885764499121,0.011610486891385767
0.07,0.929701230228471,0.011058601134215501
0.08,0.9121265377855887,0.00953757225433526
0.09,0.9033391915641477,0.009143968871595331
0.1,0.8945518453427065,0.008840864440078585
0.11,0.8857644991212654,0.008333333333333333
0.12,0.8769771528998243,0.008016032064128256
0.13,0.8681898066783831,0.007995951417004049
0.14,0.859402460456942,0.007873210633946831
0.15,0.843585237258348,0.0077083333333333335
0.16,0.8330404217926186,0.007805907172995781
0.17,0.8242530755711776,0.007782515991471215
0.18,0.8154657293497364,0.007435344827586207
0.19,0.8066783831282952,0.007080610021786492
0.2,0.7978910369068541,0.006828193832599119
0.21,0.789103690685413,0.0066815144766146995
0.22,0.773286467486819,0.0057954545454545455
0.23,0.7644991212653779,0.005172413793103448
0.24,0.7539543057996485,0.0048951048951048955
0.25,0.7451669595782073,0.004599056603773585
0.26,0.7363796133567663,0.00441527446300716
0.27,0.7275922671353251,0.004227053140096618
0.28,0.718804920913884,0.003911980440097799
0.29,0.70298769771529,0.0035
0.3,0.6942003514938488,0.0034177215189873417
0.31,0.6836555360281195,0.003084832904884319
0.32,0.6748681898066784,0.003125
0.33,0.6660808435852372,0.0031662269129287598
0.34,0.6572934973637962,0.0029411764705882353
0.35000000000000003,0.648506151142355,0.0027100271002710027
0.36,0.632688927943761,0.0020833333333333333
0.37,0.6239015817223199,0.001971830985915493
0.38,0.6151142355008787,0.0018571428571428571
0.39,0.6045694200351494,0.0018895348837209302
0.4,0.5957820738137083,0.0019174041297935103
0.41000000000000003,0.5869947275922671,0.001347305389221557
0.42,0.5782073813708261,0.0010638297872340426
0.43,0.562390158172232,0.0009375
0.44,0.5536028119507909,0.0007936507936507937
0.45,0.5448154657293497,0.0006451612903225806
0.46,0.5360281195079086,0.0006557377049180328
0.47000000000000003,0.5254833040421792,0.0005016722408026755
0.48,0.5166959578207382,0.0005102040816326531
0.49,0.507908611599297,0.0005190311418685121
0.5,0.4991212653778559,0.000528169014084507
